{
    "cards": {
        "Для него": [
            {
                "text": "Сделай ей массаж",
                "type": "task"
            },
            {
                "text": "Поцелуй её в шею",
                "type": "task"
            }
        ],
        "Для неё": [
            {
                "text": "Сделай ему массаж",
                "type": "task"
            },
            {
                "text": "Поцелуй его в шею",
                "type": "task"
            }
        ],
        "Супер-карты": [
            {
                "text": "Покажи ей свой самый эротичный танец",
                "type": "task"
            }
        ],
        "Ролевой режим": [
            {
                "text": "Сыграйте роль учителя и ученицы",
                "type": "task"
            }
        ],
        "Порно-повтор": [
            {
                "text": "Повторите сцену из фильма",
                "type": "task"
            }
        ],
        "Позы": [
            {
                "text": "Попробуй позу 69",
                "type": "task"
            }
        ],
        "Общий режим": [
            {
                "text": "Выполни несколько заданий из других режимов",
                "type": "task"
            }
        ]
    },
    "final_locations": {
        "mapping": {
            "Сделай ей массаж": "Кожа",
            "Поцелуй её в шею": "Шея",
            "Сделай ему массаж": "Кожа",
            "Поцелуй его в шею": "Шея",
            "Покажи ей свой самый эротичный танец": "Один из вариантов"
        },
        "locations": {
            "Кожа": [
                "Шея",
                "Руки",
                "Спина"
            ],
            "Шея": [
                "Губы",
                "Руки"
            ],
            "Один из вариантов": [
                "На кровати",
                "На столе"
            ]
        }
    }
}