
{
    "cards": {
        "normal": [
            "Поцелуй партнёра в шею",
            "Лизни его/её губы",
            "Сними элемент одежды без рук",
            "Прошепчи что-то возбуждающее на ухо",
            "Погладь внутреннюю сторону бедра партнёра"
        ],
        "hard": [
            "Сделай минет/куни 2 минуты",
            "Оставь засос на теле",
            "Проникни пальцем в тело партнёра",
            "Покажи, как ты мастурбируешь перед партнёром",
            "Шлёпни партнёра 5 раз по попе"
        ],
        "extreme": [
            "Жёсткий секс в течение 5 минут",
            "Кончите вместе",
            "Используй секс-игрушку на партнёре",
            "Сделайте глубокий минет/куни",
            "Кусай и тискай грудь/попу партнёра"
        ],
        "control": [
            "Полный контроль одного над другим 5 минут",
            "Грубый секс по приказу",
            "Выбери позу и не меняй её 3 минуты",
            "Партнёр полностью подчиняется тебе",
            "Разрешено только приказы и выполнение"
        ],
        "silent": [
            "Ласкай друг друга без слов",
            "Только жестами объясняйте свои желания",
            "Молча раздевай партнёра",
            "Только взглядами передайте страсть",
            "Оргазм без единого звука"
        ],
        "roleplay": [
            "Переоденьтесь в ролевые костюмы",
            "Разыграйте сцену доминирования",
            "Притворись, что впервые с этим партнёром",
            "Ты официант, обслуживающий клиента",
            "Попробуйте новую роль друг для друга"
        ],
        "porn": [
            "Смотрите порно и повторяйте всё, что происходит",
            "Запишите своё видео и кончите, глядя на него позже",
            "Повторите сцену из любимого фильма",
            "Попробуйте позу, которую никогда не делали",
            "Разыграйте фантазию, вдохновлённую порно"
        ]
    },
    "penalties": [
        "Сделай стриптиз на 30 секунд",
        "10 шлепков по попе",
        "Лижи тело без поцелуев",
        "Держи член/киску во рту 30 секунд",
        "Оргазм без проникновения"
    ],
    "finals": {
        "locations": {
            "Кровать": ["Финал в кровати"],
            "Душ": ["Финал в душе"],
            "Кухня": ["Финал на кухонном столе"],
            "Гостиная": ["Финал на диване"]
        }
    }
}
